Type,Equation,Vmax,Km,R_squared
Calibration Curve,y = (38002.70 * x) / (0.3272 + x),38002.698261365564,0.32724452598982,0.8084392670270588
Time Course (0.3125 ug/mL),F(t) = 0.42 + (9007.33) * [1 - exp(-1.7499*t)],15761.704364410598,4503.667281240919,0.9896076472970772
Time Course (0.625 ug/mL),F(t) = 0.01 + (10918.80) * [1 - exp(-2.3537*t)],25699.209694464724,5459.400996687891,0.9978761232335678
Time Course (1.25 ug/mL),F(t) = 0.00 + (13621.27) * [1 - exp(-2.6185*t)],35667.94050759715,6810.637081344976,0.9990965466387678
Time Course (2.5 ug/mL),F(t) = 0.05 + (14640.71) * [1 - exp(-2.0585*t)],30137.486354116514,7320.354179992473,0.9974229286192803
Time Course (5.0 ug/mL),F(t) = -0.02 + (15875.88) * [1 - exp(-2.2158*t)],35177.003212723124,7937.942009217066,0.9978828968572804
