Concentration [ug/mL],Vmax,Km,F0,Fmax,k,R_squared,RFU_0min,RFU_1min,RFU_5min,RFU_10min,RFU_15min,RFU_20min,RFU_25min,RFU_30min
0.3125,15761.704364410598,4503.667281240919,0.41824507712711695,9007.752807558965,1.7498744223471692,0.9896076472970772,0.0,7445.16,8383.01,8692.2,9333.98,9165.91,9165.72,9301.82
0.625,25699.209694464724,5459.400996687891,0.007367213926867797,10918.809360589708,2.3536656961135405,0.9978761232335678,0.0,9881.38,10728.6,11184.8,11177.6,10773.7,10773.5,10874.5
1.25,35667.94050759715,6810.637081344976,0.00244369373300454,13621.276606383684,2.6185465531040593,0.9990965466387678,0.0,12628.2,13384.0,13696.0,13723.1,13672.3,13439.5,13812.7
2.5,30137.486354116514,7320.354179992473,0.052281112844841715,14640.760641097791,2.058471872610097,0.9974229286192803,0.0,12772.3,14331.8,15121.7,14880.4,14392.1,14470.3,14647.4
5.0,35177.003212723124,7937.942009217066,-0.017328118198067,15875.866690315934,2.2157508313790704,0.9978828968572804,0.0,14144.1,16100.0,15978.1,16245.9,15697.6,15398.7,15834.8
