,0.3125 ug/mL,0.625 ug/mL,1.25 ug/mL,2.5 ug/mL,5.0 ug/mL
Michaelis-Menten,
Best-fit values,
Vmax,15761.7043,25699.2096,35667.9405,30137.4863,35177.0032
Km,4503.667281240919,5459.400996687891,6810.637081344976,7320.354179992473,7937.942009217066
